Country Name,Country Code,Year,Exports of goods and services (% of GDP),GDP (current US$),GDP growth (annual %),GDP per capita (current US$),"Inflation, consumer prices (annual %)"
Burundi,BDI,2015,,2810532912.499755,-0.4045255952041913,254.4025852267877,5.544688912597794
Burundi,BDI,2016,,2618093125.146873,3.200174704089932,232.9378121001527,5.55768961400965
Burundi,BDI,2017,,2831362208.340392,3.831857570617842,246.0607257141837,16.05253530303918
Burundi,BDI,2018,,2913411408.447833,5.342244731864085,245.6616783320092,-2.81469807668465
Burundi,BDI,2019,,2871555326.310291,4.459342023587837,234.31061590724977,-0.6867721707973587
Burundi,BDI,2020,,3188355943.635125,0.3064438116517181,252.70245275000605,7.321106434155209
Burundi,BDI,2021,,3425127990.705195,3.237074793729249,264.1728440853984,8.404538450763408
Burundi,BDI,2022,,4020736756.6425576,2.317701223508223,301.83225575510465,18.80087866649446
Burundi,BDI,2023,,3419558408.3540807,3.25476897326196,249.79516403902863,26.94148357624534
Burundi,BDI,2024,,3037579858.381424,4.112273763949119,216.23192853175752,20.2124925027847
Burundi,BDI,2025,,3364713864.08488,4.240105298841783,233.8230133853954,34.13399857448319
Kenya,KEN,2015,15.128733903450408,70120446896.8359,4.96772112759767,1489.1195977728398,6.582154292847786
Kenya,KEN,2016,13.249744800675897,74815144163.89308,4.213517068147439,1554.1261031442327,6.297249538146249
Kenya,KEN,2017,12.736659941372537,82036510877.25989,3.837958173647209,1667.4844723083545,8.005649677099447
Kenya,KEN,2018,12.541975333358955,92202979985.2863,5.647946407092192,1836.4527552899292,4.689806467763299
Kenya,KEN,2019,11.427995686933242,100378436207.37134,5.114158857678007,1960.408088548926,5.239637957647923
Kenya,KEN,2020,11.441045182159334,100657505750.545,-0.2727663274388163,1927.6645902784887,5.40516207933392
Kenya,KEN,2021,13.109738201821768,109703658904.99371,7.590489473334671,2061.3562208959406,6.107936036591763
Kenya,KEN,2022,15.957028362946918,114448978152.6374,4.859981042879994,2109.562885131375,7.659862682722239
Kenya,KEN,2023,16.713344299872087,107500884685.01266,5.719992412142076,1942.5880275619108,7.671396340294023
Kenya,KEN,2024,16.854954890851847,120397537849.82584,4.660195945718911,2133.461934040263,4.489788542434479
Kenya,KEN,2025,15.764067782570695,135941278878.81458,4.632610938449844,2362.860911986112,4.069128785407293
Nigeria,NGA,2015,,493026682800.6295,2.652693295417791,2585.733606717974,9.009434980077064
Nigeria,NGA,2016,,404649125252.1596,-1.616868949034668,2070.412733959496,15.69681263879722
Nigeria,NGA,2017,,375745731053.4268,0.8058866190915808,1876.3402711177296,16.50226621396411
Nigeria,NGA,2018,,421739251509.0796,1.922757341997979,2057.8794455401057,12.09510651734316
Nigeria,NGA,2019,,668219992686.575,2.2084292783521136,3189.812864961828,11.39642233781149
Nigeria,NGA,2020,,598586817817.3922,-6.368898404685268,2797.1845806789997,13.24602342765982
Nigeria,NGA,2021,,609147716965.3478,1.1092525402490023,2787.487792209909,16.95284572216079
Nigeria,NGA,2022,,646950257575.4548,4.318829491571364,2899.160474692671,18.84718778432741
Nigeria,NGA,2023,,487387801877.803,3.315903681114378,2138.763837187565,24.65955020311396
Nigeria,NGA,2024,,252261880140.2709,4.071066501477034,1084.1604180505808,33.24165905527488
Nigeria,NGA,2025,,290794361542.1119,4.01336180700973,1224.25410237743,23.0101235833333
Rwanda,RWA,2015,13.386617118665168,8447064078.843735,8.870367528727428,725.6914186969522,2.528502841924209
Rwanda,RWA,2016,15.617950311233605,8596812240.523048,5.658745842027784,721.2585158330943,7.174343019820087
Rwanda,RWA,2017,20.733136224434283,9164345443.257502,4.703934397510608,751.0490395275472,8.27953672260832
Rwanda,RWA,2018,21.63561201501643,9650161136.17648,8.070842546216412,772.7549829593539,-0.3112101603906995
Rwanda,RWA,2019,22.03044531742377,10519272170.334648,9.286133874545428,823.3553040653044,3.347876550376479
Rwanda,RWA,2020,18.66832295703408,10487146253.402475,-2.7771048551512507,802.6386869362043,9.850399022742067
Rwanda,RWA,2021,19.285793539864382,11252894909.50433,8.41140448646523,842.5814929476722,-0.3913467483007914
Rwanda,RWA,2022,21.79924204652654,13747404814.26773,9.824973946516977,1007.059893229136,17.68920955881533
Rwanda,RWA,2023,23.700606027817663,14806501437.282022,8.559642929141532,1061.0578815407637,19.78954674646699
Rwanda,RWA,2024,28.42123007696214,15111064181.968737,7.227171033445344,1059.9370929880058,1.770292401986348
Rwanda,RWA,2025,21.55473145356931,16372132990.227057,9.375798341824463,1123.7387463322505,5.913000168825997
South Africa,ZAF,2015,27.7136384124829,346709790458.56305,1.3218622367822943,6112.273824859742,4.518690948925061
South Africa,ZAF,2016,28.156088169895494,323585509674.4806,0.6645523078581164,5651.205851657492,6.602908423948717
South Africa,ZAF,2017,27.3400757812216,381448814653.4564,1.157946951817351,6618.335082557006,5.186186555241493
South Africa,ZAF,2018,27.49703715084233,405260723892.5169,1.5567838472167637,6914.178031807599,4.509872648673875
South Africa,ZAF,2019,27.202129405115095,389330032224.2691,0.2599355768763303,6533.711210328561,4.102850754611558
South Africa,ZAF,2020,27.575914160396287,337974655408.0553,-6.1689177146757,5580.603830751887,3.232388316151135
South Africa,ZAF,2021,31.191610505160828,419986284375.3684,4.858648650601481,6828.756245900167,4.61874544887136
South Africa,ZAF,2022,33.539440316427225,407596043067.88525,2.058136616921928,6534.248677833969,7.039872725464818
South Africa,ZAF,2023,33.25381275568156,381440724491.2316,0.8061045509580396,6034.272089646732,6.075243845796597
South Africa,ZAF,2024,31.791907064630266,401144998373.5852,0.534843531905139,6267.186814093005,4.361152465189621
South Africa,ZAF,2025,31.410194733725326,427184325997.307,1.1146260810395603,6597.714509187739,3.205504741126034
Sub-Saharan Africa,SSF,2015,21.424712136361315,1687942836834.4785,2.933446011408151,1647.3208582683578,3.4723875288365225
Sub-Saharan Africa,SSF,2016,21.851660151155443,1532640901655.9353,1.317003558508631,1456.6521111592897,5.302642977103245
Sub-Saharan Africa,SSF,2017,23.503153975526665,1673446999208.2524,2.507454853000596,1549.188319085846,5.186186555241493
Sub-Saharan Africa,SSF,2018,24.46693217904512,1799777413644.266,2.794330821308975,1622.5957532963369,3.911334399907289
Sub-Saharan Africa,SSF,2019,20.740104653834766,2045881962739.732,2.5491393304618555,1797.041217654148,2.867588034468999
Sub-Saharan Africa,SSF,2020,19.291017080649357,1902234301367.3823,-3.2921261587491277,1628.4387334686862,3.398629285188528
Sub-Saharan Africa,SSF,2021,22.923755919433937,2139729978109.8677,3.581941292902883,1785.9811819114375,4.439054812150022
Sub-Saharan Africa,SSF,2022,24.409522194234626,2290209566620.2573,4.033710669568862,1864.7068611192456,9.45801281304023
Sub-Saharan Africa,SSF,2023,24.89399424797096,2117602210170.497,2.714466916758965,1682.2261488118966,6.697599907898446
Sub-Saharan Africa,SSF,2024,28.01494529017485,1989931102034.874,3.616127924957297,1542.6584426161917,4.300095846979991
Sub-Saharan Africa,SSF,2025,27.85824949398046,2211221046102.798,4.139281452596492,1673.0707757449677,3.403734582790553
Tanzania,TZA,2015,17.104911553096525,47413919817.12405,6.160628774066822,939.127319335938,5.588169529592981
Tanzania,TZA,2016,16.349975063903965,49774409374.453766,6.867116196445508,953.0107421875,5.174766293014932
Tanzania,TZA,2017,15.66349156580429,53274884532.78861,6.727269968324379,986.674011230469,5.318716052289308
Tanzania,TZA,2018,14.739143393171124,57003712892.08581,5.502675993849664,1023.10626220703,3.494458488561813
Tanzania,TZA,2019,16.036746148498576,61026731925.92128,5.799999999967227,1063.32250976563,3.464280579990205
Tanzania,TZA,2020,13.5038738462361,66068737786.06392,1.9919646064785468,1117.41528320313,3.290290627983255
Tanzania,TZA,2021,14.12002232658151,70655628147.89859,4.321384294804815,1159.85656738281,3.690919588021988
Tanzania,TZA,2022,15.413710520168284,75749121846.97034,4.566005764309551,1207.52062988281,4.350272042691012
Tanzania,TZA,2023,17.19542987627545,79030935638.13165,5.069523532033941,1224.00219726563,3.799232913849163
Tanzania,TZA,2024,19.73254940515309,79235713444.97768,5.526313830594503,1192.60668945313,3.056946763123725
Tanzania,TZA,2025,18.98468185757224,90143496090.44116,5.852868286927389,1318.81921386719,3.326973613161054
Uganda,UGA,2015,12.8773253147369,32387183730.10015,5.187859860024659,862.9346103558107,5.589686062517254
Uganda,UGA,2016,12.427164415680643,29203988696.26261,4.781000292544817,752.6965717256556,5.70637504616212
Uganda,UGA,2017,16.661129421170536,30744473841.42399,3.1314055172359616,765.2183322973606,5.209717059142092
Uganda,UGA,2018,15.087053061151082,32927025619.679543,6.303923782629965,792.1657002281404,2.616011909522744
Uganda,UGA,2019,17.109058016738253,35353061003.435905,6.438745032764388,822.1711500363574,2.867588034468999
Uganda,UGA,2020,15.414798539728858,37600368241.66573,2.951306422180977,845.7664638901235,3.313322895445018
Uganda,UGA,2021,15.781008169527574,40529788748.67369,3.53658034070898,882.7917175425043,2.204572047574139
Uganda,UGA,2022,12.02199543333306,45565333210.91079,4.588021921817727,963.0673141171784,7.195788859758103
Uganda,UGA,2023,11.601708925549934,48768955863.31749,5.336972955114689,1002.3091391714248,5.350948042803953
Uganda,UGA,2024,16.757593115255357,53911907079.04852,6.055580758755895,1077.9127843861313,3.323380336918186
Uganda,UGA,2025,21.4395980877865,61985829288.14961,6.331811576773134,1206.304508250024,3.580827844380665
World,WLD,2015,28.04956890428112,75839351828606.19,3.127213256999056,10191.975251266247,1.437023809356548
World,WLD,2016,27.08450875970384,77084966373474.05,2.789740742345927,10239.465664573798,1.596912275832041
World,WLD,2017,28.004909237575134,82110104984460.0,3.4465862316795466,10784.395089629656,2.223143314488988
World,WLD,2018,28.877595988090853,87310840056717.77,3.2866308646280658,11344.728168656036,2.442583296928166
World,WLD,2019,27.942782714340485,88796498078977.7,2.680308747552999,11417.5958587724,2.206073057815252
World,WLD,2020,26.028882596102417,86388502867289.22,-2.88621185457086,10999.491758178092,1.9050972204750136
World,WLD,2021,28.464023098589493,98780038374127.02,6.48508887596752,12472.907415719084,3.4754032028987547
World,WLD,2022,30.72140113108679,102862471365574.69,3.4400109726564665,12876.237712407245,8.081695070219824
World,WLD,2023,29.07190760195218,107348614073349.6,2.8593849333597348,13313.857582600129,5.799441073919623
World,WLD,2024,29.077803037981063,111669432109120.69,2.9000134015671364,13717.090995633784,3.014475769779991
World,WLD,2025,29.48075088209339,118350166039395.92,2.9212731853915272,14405.848459552815,3.041413215565396
